<?xml version="1.0" encoding="UTF-8"?>
<java version="16.0.2" class="java.beans.XMLDecoder">
 <object class="sistema.persistencia.dto.ClinicaDTO" id="ClinicaDTO0">
  <void property="aumentoCirujano">
   <double>0.1</double>
  </void>
  <void property="aumentoClinico">
   <double>0.05</double>
  </void>
  <void property="aumentoDoctor">
   <double>0.1</double>
  </void>
  <void property="aumentoMagister">
   <double>0.05</double>
  </void>
  <void property="aumentoPediatra">
   <double>0.07</double>
  </void>
  <void property="aumentoPermanente">
   <double>0.1</double>
  </void>
  <void property="aumentoTemporario">
   <double>0.05</double>
  </void>
  <void property="ciudad">
   <string>Mar del Plata</string>
  </void>
  <void property="costoAsignacion">
   <double>100.0</double>
  </void>
  <void property="costoHabCompartida">
   <double>10.0</double>
  </void>
  <void property="costoHabPrivada">
   <double>20.0</double>
  </void>
  <void property="costoHabTerapiaIntensiva">
   <double>30.0</double>
  </void>
  <void property="direccion">
   <string>Juan B. Justo 10000</string>
  </void>
  <void property="medicos">
   <void method="put">
    <int>1</int>
    <object class="sistema.personas.medicos.decorators.DecoratorPermanente">
     <void property="encapsulado">
      <object class="sistema.personas.medicos.decorators.DecoratorDoctor">
       <void property="encapsulado">
        <object class="sistema.personas.medicos.especialidades.Clinico">
         <void property="apellido">
          <string>Favaloro</string>
         </void>
         <void property="ciudad">
          <string>Buenos Aires</string>
         </void>
         <void property="direccion">
          <string>Alverar 3101</string>
         </void>
         <void property="dni">
          <int>8125936</int>
         </void>
         <void property="matricula">
          <int>1</int>
         </void>
         <void property="nombre">
          <string>Rene</string>
         </void>
         <void property="telefono">
          <string>369258</string>
         </void>
        </object>
       </void>
      </object>
     </void>
    </object>
   </void>
   <void method="put">
    <int>2</int>
    <object class="sistema.personas.medicos.decorators.DecoratorPermanente">
     <void property="encapsulado">
      <object class="sistema.personas.medicos.decorators.DecoratorDoctor">
       <void property="encapsulado">
        <object class="sistema.personas.medicos.especialidades.Pediatra">
         <void property="apellido">
          <string>Rivas</string>
         </void>
         <void property="ciudad">
          <string>Buenos Aires</string>
         </void>
         <void property="direccion">
          <string>Libertador 1401</string>
         </void>
         <void property="dni">
          <int>272589</int>
         </void>
         <void property="matricula">
          <int>2</int>
         </void>
         <void property="nombre">
          <string>Carlos</string>
         </void>
         <void property="telefono">
          <string>4852963</string>
         </void>
        </object>
       </void>
      </object>
     </void>
    </object>
   </void>
   <void method="put">
    <int>3</int>
    <object class="sistema.personas.medicos.decorators.DecoratorTemporario" id="DecoratorTemporario0">
     <void property="encapsulado">
      <object class="sistema.personas.medicos.decorators.DecoratorMagister">
       <void property="encapsulado">
        <object class="sistema.personas.medicos.especialidades.Clinico">
         <void property="apellido">
          <string>Perez</string>
         </void>
         <void property="ciudad">
          <string>La Plata</string>
         </void>
         <void property="direccion">
          <string>Diagonal 3 2589</string>
         </void>
         <void property="dni">
          <int>853259</int>
         </void>
         <void property="matricula">
          <int>3</int>
         </void>
         <void property="nombre">
          <string>Marta</string>
         </void>
         <void property="telefono">
          <string>155937825</string>
         </void>
        </object>
       </void>
      </object>
     </void>
    </object>
   </void>
   <void method="put">
    <int>4</int>
    <object class="sistema.personas.medicos.decorators.DecoratorTemporario">
     <void property="encapsulado">
      <object class="sistema.personas.medicos.decorators.DecoratorMagister">
       <void property="encapsulado">
        <object class="sistema.personas.medicos.especialidades.Cirujano">
         <void property="apellido">
          <string>Rodriguez</string>
         </void>
         <void property="ciudad">
          <string>Mar del Plata</string>
         </void>
         <void property="direccion">
          <string>Mitre 1479</string>
         </void>
         <void property="dni">
          <int>15236</int>
         </void>
         <void property="matricula">
          <int>4</int>
         </void>
         <void property="nombre">
          <string>Lucia</string>
         </void>
         <void property="telefono">
          <string>369258</string>
         </void>
        </object>
       </void>
      </object>
     </void>
    </object>
   </void>
   <void method="put">
    <int>5</int>
    <object class="sistema.personas.medicos.decorators.DecoratorTemporario">
     <void property="encapsulado">
      <object class="sistema.personas.medicos.decorators.DecoratorDoctor">
       <void property="encapsulado">
        <object class="sistema.personas.medicos.especialidades.Cirujano">
         <void property="apellido">
          <string>Gonzales</string>
         </void>
         <void property="ciudad">
          <string>Mar del Plata</string>
         </void>
         <void property="direccion">
          <string>Salta 936</string>
         </void>
         <void property="dni">
          <int>78932</int>
         </void>
         <void property="matricula">
          <int>5</int>
         </void>
         <void property="nombre">
          <string>Lucas</string>
         </void>
         <void property="telefono">
          <string>369258</string>
         </void>
        </object>
       </void>
      </object>
     </void>
    </object>
   </void>
   <void method="put">
    <int>6</int>
    <object class="sistema.personas.medicos.decorators.DecoratorPermanente">
     <void property="encapsulado">
      <object class="sistema.personas.medicos.decorators.DecoratorDoctor">
       <void property="encapsulado">
        <object class="sistema.personas.medicos.especialidades.Pediatra">
         <void property="apellido">
          <string>Sanchez</string>
         </void>
         <void property="ciudad">
          <string>Buenos Aires</string>
         </void>
         <void property="direccion">
          <string>Falucho 3705</string>
         </void>
         <void property="dni">
          <int>93624</int>
         </void>
         <void property="matricula">
          <int>6</int>
         </void>
         <void property="nombre">
          <string>Carolina</string>
         </void>
         <void property="telefono">
          <string>369258</string>
         </void>
        </object>
       </void>
      </object>
     </void>
    </object>
   </void>
  </void>
  <void id="ModuloAtencion0" property="moduloAtencion">
   <void property="historiasClinicas">
    <void method="put">
     <object class="sistema.personas.pacientes.PacienteNino" id="PacienteNino0">
      <void property="apellido">
       <string>Ramos</string>
      </void>
      <void property="ciudad">
       <string>Mar del Plata</string>
      </void>
      <void property="direccion">
       <string>Primera Junta 1006</string>
      </void>
      <void property="dni">
       <int>5</int>
      </void>
      <void property="nombre">
       <string>Candela</string>
      </void>
      <void property="nroHistoriaClinica">
       <int>5</int>
      </void>
      <void property="nroOrden">
       <int>5</int>
      </void>
      <void property="telefono">
       <string>105</string>
      </void>
     </object>
     <object class="sistema.atencion.HistoriaClinica">
      <void property="numero">
       <int>5</int>
      </void>
     </object>
    </void>
    <void method="put">
     <object class="sistema.personas.pacientes.PacienteMayor" id="PacienteMayor0">
      <void property="apellido">
       <string>Echeverria</string>
      </void>
      <void property="ciudad">
       <string>Mar del Plata</string>
      </void>
      <void property="direccion">
       <string>Matheu 3952</string>
      </void>
      <void property="dni">
       <int>3</int>
      </void>
      <void property="nombre">
       <string>Noelia</string>
      </void>
      <void property="nroHistoriaClinica">
       <int>3</int>
      </void>
      <void property="nroOrden">
       <int>3</int>
      </void>
      <void property="telefono">
       <string>103</string>
      </void>
     </object>
     <object class="sistema.atencion.HistoriaClinica">
      <void property="numero">
       <int>3</int>
      </void>
     </object>
    </void>
    <void method="put">
     <object class="sistema.personas.pacientes.PacienteJoven" id="PacienteJoven0">
      <void property="apellido">
       <string>Bengoa</string>
      </void>
      <void property="ciudad">
       <string>Mar del Plata</string>
      </void>
      <void property="direccion">
       <string>Quintana 1016</string>
      </void>
      <void property="dni">
       <int>4</int>
      </void>
      <void property="nombre">
       <string>Sebastian</string>
      </void>
      <void property="nroHistoriaClinica">
       <int>4</int>
      </void>
      <void property="nroOrden">
       <int>4</int>
      </void>
      <void property="telefono">
       <string>104</string>
      </void>
     </object>
     <object class="sistema.atencion.HistoriaClinica">
      <void property="numero">
       <int>4</int>
      </void>
     </object>
    </void>
    <void method="put">
     <object class="sistema.personas.pacientes.PacienteNino" id="PacienteNino1">
      <void property="apellido">
       <string>Ezama</string>
      </void>
      <void property="ciudad">
       <string>Mar del Plata</string>
      </void>
      <void property="direccion">
       <string>Formosa 2014</string>
      </void>
      <void property="dni">
       <int>2</int>
      </void>
      <void property="nombre">
       <string>Camila</string>
      </void>
      <void property="nroHistoriaClinica">
       <int>2</int>
      </void>
      <void property="nroOrden">
       <int>2</int>
      </void>
      <void property="telefono">
       <string>102</string>
      </void>
     </object>
     <object class="sistema.atencion.HistoriaClinica" id="HistoriaClinica0">
      <void property="consultaMedicas">
       <void method="add">
        <object class="sistema.facturacion.ConsultaMedica">
         <void property="cantidadConsultas">
          <int>8</int>
         </void>
         <void property="medico">
          <object idref="DecoratorTemporario0"/>
         </void>
         <void property="valorConsulta">
          <double>138.915</double>
         </void>
        </object>
       </void>
      </void>
      <void property="numero">
       <int>2</int>
      </void>
     </object>
    </void>
    <void method="put">
     <object class="sistema.personas.pacientes.PacienteJoven" id="PacienteJoven1">
      <void property="apellido">
       <string>Rodriguez</string>
      </void>
      <void property="ciudad">
       <string>Mar del Plata</string>
      </void>
      <void property="direccion">
       <string>Paso 3691</string>
      </void>
      <void property="dni">
       <int>7</int>
      </void>
      <void property="nombre">
       <string>Lucas</string>
      </void>
      <void property="nroHistoriaClinica">
       <int>7</int>
      </void>
      <void property="nroOrden">
       <int>7</int>
      </void>
      <void property="telefono">
       <string>107</string>
      </void>
     </object>
     <object class="sistema.atencion.HistoriaClinica">
      <void property="numero">
       <int>7</int>
      </void>
     </object>
    </void>
    <void method="put">
     <object class="sistema.personas.pacientes.PacienteJoven" id="PacienteJoven2">
      <void property="apellido">
       <string>Mateos</string>
      </void>
      <void property="ciudad">
       <string>Mar del Plata</string>
      </void>
      <void property="direccion">
       <string>Almafuerte 2356</string>
      </void>
      <void property="dni">
       <int>1</int>
      </void>
      <void property="nombre">
       <string>Juan Cruz</string>
      </void>
      <void property="nroHistoriaClinica">
       <int>1</int>
      </void>
      <void property="nroOrden">
       <int>1</int>
      </void>
      <void property="telefono">
       <string>101</string>
      </void>
     </object>
     <object class="sistema.atencion.HistoriaClinica">
      <void property="numero">
       <int>1</int>
      </void>
     </object>
    </void>
    <void method="put">
     <object class="sistema.personas.pacientes.PacienteMayor" id="PacienteMayor1">
      <void property="apellido">
       <string>Jimenez</string>
      </void>
      <void property="ciudad">
       <string>Mar del Plata</string>
      </void>
      <void property="direccion">
       <string>Roca 1782</string>
      </void>
      <void property="dni">
       <int>6</int>
      </void>
      <void property="nombre">
       <string>Marcos</string>
      </void>
      <void property="nroHistoriaClinica">
       <int>6</int>
      </void>
      <void property="nroOrden">
       <int>6</int>
      </void>
      <void property="telefono">
       <string>106</string>
      </void>
     </object>
     <object class="sistema.atencion.HistoriaClinica">
      <void property="numero">
       <int>6</int>
      </void>
     </object>
    </void>
   </void>
   <void property="pacientesEnAtencion">
    <void method="add">
     <object idref="PacienteJoven2"/>
    </void>
    <void method="add">
     <object idref="PacienteNino1"/>
    </void>
    <void method="add">
     <object idref="PacienteMayor0"/>
    </void>
    <void method="add">
     <object idref="PacienteJoven0"/>
    </void>
   </void>
  </void>
  <void id="ModuloIngreso0" property="moduloIngreso">
   <void property="listaDeEspera">
    <void method="add">
     <object idref="PacienteNino0"/>
    </void>
    <void method="add">
     <object idref="PacienteMayor1"/>
    </void>
    <void method="add">
     <object idref="PacienteJoven1"/>
    </void>
   </void>
   <void property="listaPacientesEnPatio">
    <void method="add">
     <object idref="PacienteNino0"/>
    </void>
    <void method="add">
     <object idref="PacienteMayor1"/>
    </void>
   </void>
   <void property="registroDePacientes">
    <void method="put">
     <int>1</int>
     <object idref="PacienteJoven2"/>
    </void>
    <void method="put">
     <int>2</int>
     <object idref="PacienteNino1"/>
    </void>
    <void method="put">
     <int>3</int>
     <object idref="PacienteMayor0"/>
    </void>
    <void method="put">
     <int>4</int>
     <object idref="PacienteJoven0"/>
    </void>
    <void method="put">
     <int>5</int>
     <object idref="PacienteNino0"/>
    </void>
    <void method="put">
     <int>6</int>
     <object idref="PacienteMayor1"/>
    </void>
    <void method="put">
     <int>7</int>
     <object idref="PacienteJoven1"/>
    </void>
   </void>
   <void property="salaVip">
    <object idref="PacienteJoven1"/>
   </void>
  </void>
  <void property="nombre">
   <string>HIGA</string>
  </void>
  <void property="nroHistoriaClinica">
   <int>7</int>
  </void>
  <void property="nroOrden">
   <int>7</int>
  </void>
  <void property="sueldoBasico">
   <double>100.0</double>
  </void>
  <void property="telefono">
   <string>4827593</string>
  </void>
 </object>
</java>
